activation,learning_rate,batch_epochs,MSE
relu,0.01,20,3.8192655105713845e+20
relu,0.01,40,1.3604912165021771e+21
relu,0.001,20,6.500804546303268e+23
relu,0.001,40,6.331376617213656e+23
tanh,0.01,20,182.82326533911458
tanh,0.01,40,334.10776198660966
tanh,0.001,20,234.54246730915366
tanh,0.001,40,114.56697049098483
