activation,learning_rate,batch_epochs,Accuracy
relu,0.01,10,94.86318720039722
relu,0.01,20,93.52596233519152
relu,0.001,10,95.09782489972324
relu,0.001,20,95.5431995080673
tanh,0.01,10,93.18773850321206
tanh,0.01,20,92.2372065508536
tanh,0.001,10,93.66097700085274
tanh,0.001,20,94.03512573615447