activation,learning_rate,batch_epochs,MSE
relu,0.01,20,6.335444423835293e+19
relu,0.01,40,3.8331372839451845e+19
relu,0.001,20,3.4549350139848462e+22
relu,0.001,40,3.460581050821412e+22
tanh,0.01,20,379.8921563110397
tanh,0.01,40,1863.7781909117132
tanh,0.001,20,242.471005474306
tanh,0.001,40,189.1075085258109
